{    
    "host" : "products-current.apptio.com",    
    "useSsl" : false,    
    "applicationId" : "b36ab341-b9a8-44cd-abb4-265c1ad38a10",    
    "authenticationMethod" : {      
        "type" : "usernamePassword",      
        "username" : "ilink@rtennant.apptio.com",      
        "password" : "y,5Z'F"    
     },    
     "domain" : "rtennant.apptio.com",    
     "project" : "Google Integration Guide",    
     "table" : "restValidatorGCloud",    
     "deriveTableFromFile" : false,    
     "overwrite" : true,    
     "validate" : false,    
     "disableLogins" : false,    
     "timePeriod" : "PREVIOUS",    
     "calendarType" : "FISCAL",    
     "month" : "APRIL",    
     "year" : 2018,    
     "useDateV2" : true,    
     "specificDateV2" : null,    
     "offset" : 0,    
     "dataEncoding" : null,    
     "category" : null,    
     "sourceSystem" : null  
}
