[
    {
        "connectorType" : "GoogleCloud REST",
        "mappedConnectorType" : "REST Declarative",
        "templateId" : "5f4dd63f-4091-4c57-9b44-7f139f26ddc3",
        "templateFileName" : "gcloud.js",
        "iconFileName" : "gcloud.png",
        "templateVersion" : "1.0",
        "minimumDlVersion": 0,
        "maximumDlVersion": null,
        "language" : "Javascript",
        "uiTemplate" :
        {
            "baseForm" : {
            "disableUserDefinedQueryArgs" : true,
            "disableUserDefinedHeaders" : true,
            "authType": {
                "usernamePasswordEnabled": false,
                "digestEnabled": false,
                "oauth20Enabled": true
            }
            },
            "fields":
            [
				{
				  "type"     : "radio",
				  "label"    : "Select query option",
				  "name"     : "query-radio",
				  "options"  :
				  [
					{
					  "label"  : "Table and Granularity",
					  "value"  : "query_input"
					},
					{
					  "label"  : "Enter Custom Big Query",
					  "value"  : "query_custom"
					}
				  ]
				},
                {
                    "type"		: "text",
                    "label"		: "Table Id",
                    "name"		: "tableId",
					"required"	: "data.form.propertyMap['query-radio'] === 'query_input'",
					"hide"		: "data.form.propertyMap['query-radio'] !== 'query_input'"
                },
				{
                    "type" 		: "radio",
					"name" 		: "timeGranularity",
					"label" 	: "Choose billing granularity:",
					"required"	: "data.form.propertyMap['query-radio'] === 'query_input'",
					"hide"		: "data.form.propertyMap['query-radio'] !== 'query_input'"
					"options" 	:
						[
							{
							"label" : "Daily",
							"value" : "daily"
							},
							{
							"label" : "Monthly",
							"value" : "monthly"
							}
						]
                },
                {
                    "type"		: "textarea",
                    "label"		: "BigQuery SQL",
                    "name"		: "bigQuery",
					"required"	: "data.form.propertyMap['query-radio'] === 'query_custom'",
					"hide"		: "data.form.propertyMap['query-radio'] !== 'query_custom'"
                }
            ]
        }
    }
]