{  
    "optionalAuthParameters": {},  
    "header": {
        
    },  
    "query": {},  
    "timePeriod": "PREVIOUS",  
    "authenticationMethod": 
        {    
            "type": "oauth20",    
            "oauth20AuthorizationUrl": "https://www.googleapis.com/oauth2/v4/auth",    
            "oauth20TokenUrl": "https://www.googleapis.com/oauth2/v4/token",    
            "oauth20ClientId": "239590387814-itggbuju1hoebs60tqin525bfvgtsok9.apps.googleusercontent.com",    
            "oauth20GrantType": "code",    
            "oauth20AuthorizationCode": "4/AABlXcBDONfRgEINtJvQTAQ7f2ncXTtkVe9BnhgoSedGVRfNdGQUYNZdq-wqbe5L9_dz8M6i-UmiEJOEP9OHuJM",   
            "oauth20Scope": "https://www.googleapis.com/auth/cloud-platform",    
            "oauth20Tokens": "{\"access_token\":\"ya29.GlvFBdm3BW0c5PsjV5qJTKoIrhDCgic7O6h9ii3ATCapIjLKNGY4Ub9UEmxPCZlLjJIO4JRrmOGnYqWppAYUXs0bWF8gKdlMwRBkEWHiijRbb_2cXK8s-nmWB4Y_\",\"expires_in\":null,\"expires_on\":null,\"refresh_token\":null,\"client_secret\":\"ym636f0TFjjINbtCpy3ichQq\"}"  
            
        },  
    "instanceUrl": "https://www.googleapis.com/",  
    "useJsonPassthrough": true 
}
