{  
    "optionalAuthParameters": {},  
    "header": {
        
    },  
    "query": {},  
    "timePeriod": "PREVIOUS",  
    "authenticationMethod": 
        {    
            "type": "oauth20",    
            "oauth20AuthorizationUrl": "https://www.googleapis.com/oauth2/v4/auth",    
            "oauth20TokenUrl": "https://www.googleapis.com/oauth2/v4/token",    
            "oauth20ClientId": "239590387814-itggbuju1hoebs60tqin525bfvgtsok9.apps.googleusercontent.com",    
            "oauth20GrantType": "code",    
            "oauth20AuthorizationCode": "4/AABlXcBDONfRgEINtJvQTAQ7f2ncXTtkVe9BnhgoSedGVRfNdGQUYNZdq-wqbe5L9_dz8M6i-UmiEJOEP9OHuJM",   
            "oauth20Scope": "https://www.googleapis.com/auth/cloud-platform",    
            "oauth20Tokens": "{\"access_token\":\"ya29.GlvJBdReuutravm29wvjGFySbelQ2uEJpXwvDvPrf6gONtQcLTCJn4WXTcmCgWsC0Yu_NIn9yESX5J7TT3pD46sgzNktRiwhAMigNdDepywSo_NaVWSpswwOju_g\",\"expires_in\":null,\"expires_on\":null,\"refresh_token\":null,\"client_secret\":\"ym636f0TFjjINbtCpy3ichQq\"}"  
            
        },  
    "instanceUrl": "https://www.googleapis.com/",  
    "useJsonPassthrough": true 
}
